nombre de points, force brute, DPR brute, DPR mixte
10, 0.0, 0.0, 0.0
50,1.0013580322265625,0.0,0.0
250,18.003463745117188,1.0001659393310547 ,1.0001659393310547 
1250,430.0963878631592,8.000850677490234,6.001472473144531 
6250,10510.353326797485,94.02108192443848,60.011863708496094 
31250,263434.8056316376,769.1717147827148,582.129716873169 
156250,6582784.40952301,5304.196357727051,3918.689012527466
